tracking_number,recipient_name,sender_name,recipient_phone
TRK9437202,"Tina Hutapea, S.Gz",CV Kuswoyo,85910855858
TRK1849535,"Nilam Permata, S.IP",PD Halim Narpati Tbk,81105144762
TRK7180126,"dr. Waluyo Nashiruddin, S.Farm",PT Rahimah Zulaika (Persero) Tbk,82697695409
TRK4513636,Indah Maryati,UD Astuti (Persero) Tbk,88679282195
TRK6044629,"Hesti Laksita, S.IP",PT Aryani,83131127701
TRK6118074,"Patricia Oktaviani, S.I.Kom",PD Hastuti (Persero) Tbk,89814784400
TRK0075241,Garang Zulaika,PD Pertiwi,82178306342
TRK4681277,Ulya Dabukke,PD Marpaung Manullang (Persero) Tbk,82867584104
TRK2755073,Luis Tarihoran,UD Hasanah Tbk,83185269828
TRK8791165,Kamila Rahimah,Perum Ramadan Maryati (Persero) Tbk,82156092231
TRK3315691,Nabila Hartati,CV Yolanda Wijaya,80728018276
TRK3155885,Drs. Zahra Wacana,PT Thamrin Tbk,83946685038
TRK3976275,Intan Tamba,CV Hasanah (Persero) Tbk,83762352929
TRK1569695,Endah Permata,CV Mardhiyah Yuniar Tbk,87826336725
TRK7177896,Paiman Pertiwi,UD Melani,80583756277
TRK0543243,"Amelia Sihombing, M.Farm",UD Lailasari Sinaga (Persero) Tbk,82021473825
TRK4932476,Hafshah Maulana,PT Thamrin,83741632863
TRK4414158,Dr. Sabri Yulianti,PD Nainggolan Widiastuti,81485869849
TRK3362940,Aditya Oktaviani,PT Simbolon,89327947474
TRK1609246,Eka Lazuardi,Perum Wulandari Simbolon Tbk,83691775858
TRK2149843,Gambira Mardhiyah,Perum Kuswandari Kuswandari Tbk,84643541593
TRK5012163,Ibrahim Mayasari,PD Agustina Tbk,89188318235
TRK7930869,Endah Saefullah,UD Wastuti Sihotang Tbk,81967830572
TRK6464030,"Bakidin Prakasa, S.I.Kom",Perum Sihombing,1234567890
TRK1172822,Taswir Mayasari,CV Marpaung Damanik Tbk,87357502468
TRK8736349,Umi Marbun,Perum Winarsih Hasanah,87611634326
TRK3140917,Jane Ardianto,UD Usada,85409038941
TRK3701754,"Ir. Vera Hidayat, S.Psi",UD Habibi Ardianto,85563552980
TRK0223457,Gara Samosir,PT Hartati Tbk,82935261909
TRK7668132,Cemeti Puspasari,UD Hardiansyah,89668920878
TRK3746424,Puti Kayla Januar,PT Utama Sudiati,80006649445
TRK0529548,"H. Kairav Palastri, S.Farm",UD Melani (Persero) Tbk,89429428173
TRK0939646,Padmi Prasasta,PT Sihombing Laksmiwati (Persero) Tbk,80415841089
TRK6251160,"Gatra Safitri, M.M.",CV Prayoga Tbk,88230892835
TRK3246754,Kadir Zulkarnain,PT Pratiwi Pradana,80618258623
TRK2052875,"Bagas Tamba, M.Ak",UD Januar Tbk,84516623640
TRK2209310,Janet Marbun,PT Jailani,81532146541
TRK1018184,Tgk. Mumpuni Zulkarnain,Perum Hakim Tbk,82375479394
TRK7058857,Ir. Cahyadi Adriansyah,CV Sirait (Persero) Tbk,87726802026
TRK3865621,Ikhsan Suryono,Perum Yolanda Tbk,83411686267
TRK1632789,"Marsito Tamba, S.Gz",CV Sihombing Widodo Tbk,08123abc456
TRK2769888,"Zalindra Jailani, M.Ak",UD Maryadi Sitorus (Persero) Tbk,80937729990
TRK9772617,Juli Situmorang,PT Hassanah Tbk,81276923821
TRK9512567,Banawi Purnawati,PT Hutapea Sudiati,86217552658
TRK0159392,Puput Hartati,Perum Salahudin Oktaviani,80872016127
TRK2611595,Edi Palastri,PD Manullang,81890461346
TRK8016556,"H. Timbul Pradipta, S.Ked",PD Wastuti Wijaya,88876669471
TRK3232618,Siska Susanti,PD Puspasari (Persero) Tbk,80674080633
TRK4481429,Rahmi Marpaung,CV Budiyanto (Persero) Tbk,87564119459
TRK1789670,Dinda Irawan,Perum Setiawan Novitasari Tbk,85661156922
TRK6491169,"Galang Anggriawan, S.Farm",Perum Pranowo,86111202268
TRK7529413,Dt. Aditya Tamba,CV Namaga Nurdiyanti,89229608993
TRK3091224,"Dt. Dirja Andriani, S.I.Kom",CV Januar Natsir,80381695427
TRK8843837,dr. Karimah Ardianto,PT Mustofa (Persero) Tbk,88690889749
TRK4846946,Drs. Kawaya Namaga,CV Damanik Tbk,81538942492
TRK1580380,Rahmi Haryanti,Perum Hutagalung Oktaviani Tbk,86001268303
TRK0920531,"Bakianto Saefullah, S.H.",Perum Firgantoro Siregar (Persero) Tbk,84031817629
TRK8019499,"Kasusra Sinaga, S.T.",PT Sitorus Hutapea,84203434391
TRK2366994,Maya Saptono,PT Astuti Tbk,82716135546
TRK6342090,Ir. Adika Ardianto,CV Siregar,87440653443
TRK0848592,"KH. Karman Pranowo, S.Farm",UD Kusmawati,89430418702
TRK1030433,Azalea Saefullah,PD Farida Tbk,88942129036
TRK6921611,Kasiyah Halimah,PT Siregar,80307758694
TRK8349967,Jaeman Pudjiastuti,UD Melani Rahimah,08123abc456
TRK6260168,Ghani Wijaya,Perum Pudjiastuti Tamba Tbk,88501946757
TRK5964432,Suci Mahendra,PD Namaga Permadi,86594321886
TRK4624090,Ajimin Hartati,PD Marbun Tbk,81675116274
TRK5035902,Dasa Natsir,PD Maryadi (Persero) Tbk,80058368691
TRK4461069,Nardi Suryatmi,UD Putra Jailani,89067072156
TRK8825305,"Karen Anggraini, M.Ak",PD Wahyuni (Persero) Tbk,85669553054
TRK1459422,Kawaca Marbun,UD Ardianto Sitorus,80432670841
TRK7504513,"Dr. Jasmin Saputra, S.E.I",UD Sihombing (Persero) Tbk,87426807946
TRK0193838,"H. Langgeng Tarihoran, S.H.",CV Andriani Tbk,87074822954
TRK6312220,Yuni Lailasari,Perum Zulkarnain Zulaika Tbk,81213282815
TRK0214219,Emil Gunawan,PT Suartini Laksmiwati,89745619288
TRK0101427,Gada Melani,CV Winarsih Sudiati Tbk,84557606189
TRK0243221,Drs. Jamalia Haryanto,Perum Prastuti (Persero) Tbk,85033501436
TRK0680247,"Tgk. Cayadi Saefullah, S.Pt",PT Saptono Permadi,80145485190
TRK0379947,"dr. Mahfud Novitasari, S.Ked",UD Ardianto Maryadi Tbk,86641683406
TRK5932788,Dimas Zulkarnain,UD Saptono Tbk,82418726986
TRK8274777,Nasab Nasyiah,Perum Marbun Hassanah Tbk,85086268137
TRK5960507,Kamila Widiastuti,Perum Andriani Adriansyah,86753175535
TRK3695464,"Teguh Hassanah, S.T.",PT Tarihoran (Persero) Tbk,81875030899
TRK2068902,"Pia Utami, S.Ked",CV Sudiati Zulaika (Persero) Tbk,88770586751
TRK6598534,Wirda Permadi,UD Firmansyah Tbk,88383474795
TRK8220576,Bahuwarna Saefullah,Perum Suwarno,80201342748
TRK3138110,Shakila Simbolon,Perum Dabukke,86351556378
TRK6048310,Respati Mandasari,UD Simbolon Tbk,87955893984
TRK0448480,"Drs. Purwanto Kuswoyo, S.Gz",PT Manullang Nuraini,84412424986
TRK3054323,"Hj. Ratna Latupono, S.Sos",PD Andriani Budiman (Persero) Tbk,87928193809
TRK4062065,Indah Fujiati,PD Gunarto,80230625337
TRK0717347,Asirwada Hardiansyah,Perum Mandala Namaga,81934896034
TRK3544668,"Balidin Rahmawati, S.E.I",PT Tampubolon,85201294871
TRK3401150,Chelsea Mandala,PT Pradana Nurdiyanti (Persero) Tbk,86358230134
TRK0458548,Elisa Kuswandari,PT Mulyani Uwais,83696985065
TRK2064410,Puti Zulaika,PT Hutasoit (Persero) Tbk,80546334769
TRK7190640,Asirwanda Permata,UD Natsir,84755892509
TRK2541617,"drg. Talia Hartati, M.M.",Perum Prastuti Tbk,85850282963
TRK1267501,Ir. Irwan Setiawan,CV Maryadi Rahayu,85244004220
TRK6538494,Yuni Simanjuntak,PD Hassanah Tbk,85554472065
